/euro/watch/collection/sgw-300h-1aver/;47
/euro/watch/collection/w-s200h-1avef/;41
/euro/watch/collection/mtd-1065b-1a1vef/;79
/euro/watch/collection/shn-3013d-1aef/;100
/euro/watch/collection/a168wg-9ef/;51
/euro/watch/collection/a163wa-1qes/;48
/euro/watch/collection/a164wa-1ves/;51
/euro/watch/collection/a168wg-9ef/;51
/euro/watch/collection/a178wea-1aes/;51
/euro/watch/collection/ae-1000w-1bvef/;40
/euro/watch/collection/ae-2000w-1avef/;60
/euro/watch/collection/amw-700b-1avef/;81
/euro/watch/collection/amw-702-7avef/;74
/euro/watch/collection/amw-706d-7avef/;140
/euro/watch/collection/amw-710-1avef/;86
/euro/watch/collection/aq-160w-1bvef/;40
/euro/watch/collection/aq-163w-1b1vef/;40
/euro/watch/collection/aq-164w-1aves/;44
/euro/watch/collection/aq-180w-1bves/;43
/euro/watch/collection/aq-190w-1avef/;41
/euro/watch/collection/aq-230a-1dmqyes/;44
/euro/watch/collection/aqf-100w-7bvef/;45
/euro/watch/collection/aqf-102w-7bvef/;43
/euro/watch/collection/aqw-100-1avef/;54
/euro/watch/collection/aqw-101-1aver/;52
/euro/watch/collection/aw-48h-1bvef/;22
/euro/watch/collection/aw-49h-1bvef/;30
/euro/watch/collection/aw-80-1aves/;34
/euro/watch/collection/aw-81-1a1ves/;34
/euro/watch/collection/aw-82-1aves/;34
/euro/watch/collection/aw-e10d-1eves/;70
/euro/watch/collection/bem-100d-1avef/;110
/euro/watch/collection/bem-106d-1avef/;110
/euro/watch/collection/bem-111d-1avef/;105
/euro/watch/collection/bem-116d-1avef/;131
/euro/watch/collection/bem-304d-1avef/;137
/euro/watch/collection/bem-506d-1avef/;139
/euro/watch/collection/cmd-40-1zter/;60
/euro/watch/collection/db-360gn-9aef/;58
/euro/watch/collection/db-36-1avef/;27
/euro/watch/collection/dbc-32-1aes/;34
/euro/watch/collection/db-e30d-1avef/;83
/euro/watch/collection/f-105w-1awyef/;21
/euro/watch/collection/f-200w-1aef/;27
/euro/watch/collection/f-201w-1aef/;23
/euro/watch/collection/f-91w-1yef/;21
/euro/watch/collection/hda-600-1bves/;36
/euro/watch/collection/hdc-600-1bves/;43
/euro/watch/collection/hdd-600-1aves/;30
/euro/watch/collection/ldf-30-1aef/;24
/euro/watch/collection/ldf-40-1aer/;29
/euro/watch/collection/ldf-50-1ef/;25
/euro/watch/collection/lin-163-2avef/;63
/euro/watch/collection/lin-164-2avef/;75
/euro/watch/collection/lin-165-1bvef/;82
/euro/watch/collection/lin-168-7avef/;101
/euro/watch/collection/lin-169-2avef/;98
/euro/watch/collection/ltf-119l-1adf/;42
/euro/watch/collection/ltp-1128a-1aef/;38
/euro/watch/collection/ltp-1129a-7bef/;38
/euro/watch/collection/ltp-1141a-7bef/;52
/euro/watch/collection/ltp-1154e-7aef/;18
/euro/watch/collection/ltp-1177a-1aef/;46
/euro/watch/collection/ltp-1234d-1aef/;57
/euro/watch/collection/ltp-1235gl-7aef/;20
/euro/watch/collection/ltp-1236gl-7bef/;18
/euro/watch/collection/ltp-1259d-1aef/;56
/euro/watch/collection/ltp-1260d-1bef/;52
/euro/watch/collection/ltp-1261e-7aef/;17
/euro/watch/collection/ltp-1263g-7bef/;40
/euro/watch/collection/ltp-1264g-7bef/;55
/euro/watch/collection/ltp-1277d-1aef/;43
/euro/watch/collection/ltp-1278d-1aef/;41
/euro/watch/collection/ltp-1279d-1aef/;51
/euro/watch/collection/ltp-1280sg-7aef/;52
/euro/watch/collection/ltp-1281d-1aef/;48
/euro/watch/collection/ltp-1282d-2aef/;54
/euro/watch/collection/ltp-1283d-2a2ef/;61
/euro/watch/collection/ltp-1298d-1bvef/;70
/euro/watch/collection/ltp-1299d-1aef/;72
/euro/watch/collection/ltp-1301d-1aef/;95
/euro/watch/collection/ltp-1302d-1a1vef/;70
/euro/watch/collection/ltp-1303d-1avef/;65
/euro/watch/collection/ltp-2069d-2a2vef/;64
/euro/watch/collection/lw-200-1avef/;20
/euro/watch/collection/lw-22h-1aves/;24
/euro/watch/collection/lw-s200h-1aef/;33
/euro/watch/collection/lx-600-7bvef/;27
/euro/watch/collection/mq-24-1b3llef/;20
/euro/watch/collection/mrp-700-1avef/;80
/euro/watch/collection/mta-1010d-1avef/;136
/euro/watch/collection/mtd-1053d-1aves/;142
/euro/watch/collection/mtd-1057d-1avef/;155
/euro/watch/collection/mtd-1060d-1avef/;162
/euro/watch/collection/mtd-1062-1avef/;76
/euro/watch/collection/mtd-1064d-1avef/;155
/euro/watch/collection/mtd-1065b-1a1vef/;79
/euro/watch/collection/mtf-e001-1avef/;103
/euro/watch/collection/mtf-e002-7avef/;107
/euro/watch/collection/mtf-e003g-1avef/;114
/euro/watch/collection/mtf-e004d-1avef/;219
/euro/watch/collection/mtp-1128a-1aef/;65
/euro/watch/collection/mtp-1129a-7bef/;67
/euro/watch/collection/mtp-1141a-1aef/;71
/euro/watch/collection/mtp-1142a-1aef/;82
/euro/watch/collection/mtp-1154e-1aef/;30
/euro/watch/collection/mtp-1183a-1aef/;87
/euro/watch/collection/mtp-1188g-7bef/;87
/euro/watch/collection/mtp-1191a-1aef/;88
/euro/watch/collection/mtp-1200a-1avef/;97
/euro/watch/collection/mtp-1219a-1avef/;110
/euro/watch/collection/mtp-1221a-1avef/;96
/euro/watch/collection/mtp-1222a-1avef/;99
/euro/watch/collection/mtp-1228d-1avef/;107
/euro/watch/collection/mtp-1229d-1avef/;110
/euro/watch/collection/mtp-1234d-1aef/;94
/euro/watch/collection/mtp-1235d-1aef/;96
/euro/watch/collection/mtp-1236gl-7bef/;31
/euro/watch/collection/mtp-1258d-1aef/;105
/euro/watch/collection/mtp-1259d-1aef/;92
/euro/watch/collection/mtp-1260d-1bef/;91
/euro/watch/collection/mtp-1261e-7aef/;30
/euro/watch/collection/mtp-1263g-7bef/;65
/euro/watch/collection/mtp-1264g-7bef/;71
/euro/watch/collection/mtp-1280sg-7aef/;92
/euro/watch/collection/mtp-1290d-1a2vef/;118
/euro/watch/collection/mtp-1291d-1a1vef/;136
/euro/watch/collection/mtp-1296bd-1avef/;113
/euro/watch/collection/mtp-1298d-1bvef/;120
/euro/watch/collection/mtp-1299d-1avef/;130
/euro/watch/collection/mtp-1300d-1avef/;119
/euro/watch/collection/mtp-1302d-1a1vef/;113
/euro/watch/collection/mtp-1303d-1avef/;109
/euro/watch/collection/mtp-1304d-1avef/;133
/euro/watch/collection/mtp-1305d-1avef/;143
/euro/watch/collection/mtr-102-1a1vef/;50
/euro/watch/collection/mtr-302-1a1vef/;51
/euro/watch/collection/mw-59-7bvef/;23
/euro/watch/collection/mw-600-1bvef/;35
/euro/watch/collection/sgw-100-1vef/;55
/euro/watch/collection/sgw-200-1ver/;47
/euro/watch/collection/sgw-300h-1aver/;47
/euro/watch/collection/shn-3013d-1aef/;100
/euro/watch/collection/w-201-1avef/;25
/euro/watch/collection/w-210-1bves/;33
/euro/watch/collection/w-211-1aves/;31
/euro/watch/collection/w-212h-1aves/;39
/euro/watch/collection/w-213-1aves/;28
/euro/watch/collection/w-42h-1aves/;32
/euro/watch/collection/w-43h-1aves/;32
/euro/watch/collection/w-59-1vqes/;22
/euro/watch/collection/w-720-1vser/;29
/euro/watch/collection/w-729h-1avhef/;40
/euro/watch/collection/w-752-1aves/;43
/euro/watch/collection/w-753-1aves/;44
/euro/watch/collection/w-755-1aves/;43
/euro/watch/collection/w-756-1aves/;37
/euro/watch/collection/w-800h-1aves/;37
/euro/watch/collection/w-87h-1vhef/;36
/euro/watch/collection/w-93h-1avhef/;27
/euro/watch/collection/w-94hd-1aves/;60
/euro/watch/collection/w-96h-1aves/;31
/euro/watch/collection/w-e11-1avef/;27
/euro/watch/collection/w-s200h-1avef/;41
/euro/watch/collection/w-s210h-1avef/;41
/euro/watch/collection/ws-300-1bvses/;36
